"Condition","Intercept","Slope_Ball_Position"
"Fast",-31.4944258885149,0.373553202637311
"Moderate",-14.7423991509948,0.183402465459091
"Slow",6.21887546329424,-0.0258738450308915
